﻿<?xml version="1.0" encoding="utf-8" standalone="no" ?>
<modDesc descVersion="53">
    <author>Dazed</author>
    <version>1.0.0.0</version>
    <title>
        <en>Weighbridge With Office</en>
        <de>Brückenwaage Mit Büro</de>
        <fr>Bureau Du Pont-Bascule</fr>
    </title>
    <description>
        <en><![CDATA[A placeable weigh bridge with an office allowing you to keep accurate track of the amount of grain coming in and out of the farm.

Features a useable ladder for taking samples and a self-storing doormat and broom to prevent theft at night.

Price: £25.000

Seasons-ready]]></en>
        <de><![CDATA[Eine platzierbare Brückenwaage mit Büro, die es Ihnen ermöglicht, die Menge des ein- und ausgehenden Getreides genau zu verfolgen.

Ausgestattet mit einer benutzbaren Leiter zur Probenentnahme. Die Fußmatte und der Besen werden bei Nacht zum Diebstahlschutz automatisch in den Container geräumt.

Preis: 25.000 €

Seasons-ready]]></de>
        <fr><![CDATA[Un pont-bascule placable avec un bureau vous permettant de garder une trace précise de la quantité de grain entrant et sortant de la ferme tout en.

Comprend une échelle utilisable pour prélever des échantillons et un paillasson et un balai à rangement automatique pour empêcher le vol la nuit.

Prix ​​: 25 000 €

Seasons-ready]]></fr>
    </description>
    <multiplayer supported="true"/>
    <iconFilename>icon.dds</iconFilename>
    <l10n>
        <text name="function_weighStation">
            <en>A commercial weighing station for calculating the total mass of objects.</en>
            <de>Eine kommerzielle Wiegestation zur Berechnung der Gesamtmasse von Objekten.</de>
        </text>
    </l10n>
    <extraSourceFiles>
        <sourceFile filename="scripts/EnhancedWeighStation.lua"/>
    </extraSourceFiles>
    <storeItems>
        <storeItem xmlFilename="Weigh Bridge.xml"/>
    </storeItems>
</modDesc>
