﻿<?xml version="1.0" encoding="utf-8" standalone="no" ?>
<placeable>
    <storeData>
        <name>
            <en>Weighbridge With Office</en>
            <de>Brückenwaage mit Büro</de>
            <fr>Bureau du pont-bascule</fr></name>
        <functions>
            <function>$l10n_function_weighStation</function>
        </functions>
        <image>store_icon.dds</image>
        <price>25000</price>
        <dailyUpkeep>4</dailyUpkeep>
        <lifetime>1000</lifetime>
        <rotation>0</rotation>
        <brand>LIZARD</brand>
        <species>placeable</species>
        <category>placeableMisc</category>
    </storeData>
    <placeableType>weighStationPlaceable</placeableType>
    <filename>Weight Bridge.i3d</filename>
    <placement testSizeX="15" testSizeZ="20" sizeX="15" sizeZ="20" useRandomYRotation="false" useManualYRotation="true"/>
    <tipOcclusionUpdateArea sizeX="6" sizeZ="17"/>
    <enhancedWeighStation triggerNode="1|0">
        <displays>
            <display node="1|1|0" useImperial="false" showZero="true"/>
            <display node="1|2|0" useImperial="false" showZero="true"/>
        </displays>
    </enhancedWeighStation>
    <animatedObjects>
        <animatedObject index="Door_Shed">
            <controls triggerNode="1|3|0" posAction="ACTIVATE_HANDTOOL" posText="action_openDoor" negText="action_closeDoor"/>
            <animation initialTime="0" duration="1">
                <part node="1|3|1">
                    <keyFrame time="0.05" rotation="0 0 0"/>
                    <keyFrame time="1.00" rotation="0 -110 0"/>
                </part>
            </animation>
        </animatedObject>
    </animatedObjects>
    <leveling requireLeveling="true" maxSmoothDistance="10" maxSlope="75" maxEdgeAngle="30">
        <levelAreas>
            <levelArea startNode="1|4|0" widthNode="1|4|1" heightNode="1|4|2" groundType="concrete"/>
        </levelAreas>
    </leveling>
    <clearAreas>
        <clearArea startNode="1|5|0" widthNode="1|5|1" heightNode="1|5|2"/>
    </clearAreas>
    <seasons>
        <maskAreas>
            <maskArea startNode="1|6|0" widthNode="1|6|1" heightNode="1|6|2"/>
        </maskAreas>
    </seasons>
    <dayNightObjects>
        <dayNightObject node="1|7|0|0" visibleDay="false" visibleNight="true"/>
        <dayNightObject node="1|7|1|0" visibleDay="false" visibleNight="true"/>
        <dayNightObject node="0|3|7" visibleDay="true" visibleNight="false"/>
        <dayNightObject node="0|3|15" visibleDay="false" visibleNight="true"/>
        <dayNightObject node="0|3|8" visibleDay="true" visibleNight="false"/>
        <dayNightObject node="0|3|16" visibleDay="false" visibleNight="true"/>
        <dayNightObject node="0|3|19" visibleDay="true" visibleNight="false"/>
        <dayNightObject node="0|3|20" visibleDay="true" visibleNight="false"/>
        <dayNightObject node="0|3|21" visibleDay="true" visibleNight="false"/>
    </dayNightObjects>
</placeable>
